VlanNumber,VLAN,vlan_group,Location
1,DR-VLAN-73-AIX-Servers-WAS,AIX-Servers,DR
2,DR-VLAN-75-AIX-Servers-T24,AIX-Servers,DR
3,DR-VLAN-77-AIX-IB-PROD-DB,AIX-Servers,DR
4,DR-VLAN-77-AIX-Servers,AIX-Servers,DR
5,DR-VLAN-79-AIX-Servers-MiddleWare,AIX-Servers,DR
6,HQ-VLAN-73-AIX-Presentation-WAS-SERVERS,AIX-Servers,HQ
7,HQ-VLAN-75-AIX-Servers-Application-T24,AIX-Servers,HQ
8,HQ-VLAN-77-AIX-Servers-IB-DB-TEST,AIX-Servers,HQ
9,HQ-VLAN-77-AIX-Servers-T24-CoreBanking-DB,AIX-Servers,HQ
10,HQ-VLAN-77-AIX-Servers-IB-DB-Production,AIX-Servers,HQ
11,HQ-VLAN-79-AIX-Servers-MW,AIX-Servers,HQ
12,HQ-BRANCHES-LEGACY-SERVERS-LINU,BRANCHES-LEGACY-SERVERS-LINUX,HQ
13,DR-VLAN-10-Windows-Domain-Controllers-FULL,Microsoft-Servers,DR
14,DR-VLAN-12-Windows-Mail-Servers-full,Microsoft-Servers,DR
15,DR-VLAN-13-Windows-Swift-Server-FULL,Microsoft-Servers,DR
16,DR-VLAN-14-Windows-Swift-Jump-Server-FULL,Microsoft-Servers,DR
17,DR-VLAN-250-Windows-SRM-Server-FULL,Microsoft-Servers,DR
18,DR-VLAN-68-Windows-Kasper-Server-FULL,Microsoft-Servers,DR
19,DR-VLAN-80-Internet-Banking-Servers-FULL,Microsoft-Servers,DR
20,DR-VLAN-86-Windows-Internet-Banking-CM-FULL,Microsoft-Servers,DR
21,HQ-VLAN-10-Windows-Servers-Domain-Controllers-FULL,Microsoft-Servers,HQ
22,HQ-VLAN-11-Windows-Servers-FULL,Microsoft-Servers,HQ
23,HQ-VLAN-115-Windows-Servers-FULL,Microsoft-Servers,HQ
24,HQ-VLAN-12-SKYPE-Servers-Full,Microsoft-Servers,HQ
25,HQ-VLAN-12-Windows-Servers-Exchange-SKYPE-FULL,Microsoft-Servers,HQ
26,HQ-VLAN-13-Windows-Swift (PROD)-FULL,Microsoft-Servers,HQ
27,HQ-VLAN-150-Civil-Affairs-Full,Microsoft-Servers,HQ
28,HQ-VLAN-202-Windows-JIRA-Server-FULL,Microsoft-Servers,HQ
29,HQ-VLAN-24-Windows-Servers-Full,Microsoft-Servers,HQ
30,HQ-VLAN-242-AND-240-Windows-VASCO-Servers-FULL,Microsoft-Servers,HQ
31,HQ-VLAN-252-Windows-RDP-Server-FULL,Microsoft-Servers,HQ
32,HQ-VLAN-40-Windows-DocuWare-Servers-FULL,Microsoft-Servers,HQ
33,HQ-VLAN-62-Windows-Servers-RISK-Lega-AVR-IFRS-FULL,Microsoft-Servers,HQ
34,HQ-VLAN-64-HR-Servers,Microsoft-Servers,HQ
35,HQ-VLAN-64-Windows-HR-Servers-Full,Microsoft-Servers,HQ
36,HQ-VLAN-66-Windows-BINGO-Mezza-Stagging-FULL,Microsoft-Servers,HQ
37,HQ-VLAN-7-Windows-RISK-Servers-FULL,Microsoft-Servers,HQ
38,HQ-VLAN-7-Windows-Servers-Misc-FULL,Microsoft-Servers,HQ
39,HQ-VLAN-77-Windows-Mutual-Fund-Servers-FULL,Microsoft-Servers,HQ
40,HQ-VLAN-77-Windows-T-Insight-Servers-FULL,Microsoft-Servers,HQ
41,HQ-VLAN-80-Internet-Banking-Prod-Full,Microsoft-Servers,HQ
42,HQ-VLAN-85-Windows-TM-Servers-Full,Microsoft-Servers,HQ
43,HQ-VLAN-87-Windows-Internet-Banking-Test-CM-FULL,Microsoft-Servers,HQ
44,HQ-VLAN-90-Windows-Server-FULL,Microsoft-Servers,HQ
45,HQ-VLAN-92-Windows-Servers-FULL,Microsoft-Servers,HQ
46,Korom-Servers-FULL,Microsoft-Servers,Korom
47,HQ-VLAN-90-NMS-Server-FULL,Network & Security Devices,HQ
48,Branches & ATM-Routers,Network & Security Devices,BRANCHES
49,HQ-Core Router,Network & Security Devices,HQ
50,HQ Core SW,Network & Security Devices,HQ
51,DR-Core-Router,Network & Security Devices,DR
52,DR-Core-Switch,Network & Security Devices,DR
53,DR-F5-Appliance,Network & Security Devices,DR
54,DR-sec-active-gridmaster-infoblox,Network & Security Devices,DR
55,DR-sec-active-PA-3050,Network & Security Devices,DR
56,DR-sec-active-PA-5060,Network & Security Devices,DR
57,DR FMC,Network & Security Devices,DR
58,DR-sec-standby-bluecoat-proxy,Network & Security Devices,DR
59,DR-ESA,Network & Security Devices,DR
60,HQ-F5-Appliance,Network & Security Devices,HQ
61,HQ-sec-active-gridmaster-infoblox,Network & Security Devices,HQ
62,HQ-sec-active-PA-3050,Network & Security Devices,HQ
63,HQ-sec-active-PA-5060,Network & Security Devices,HQ
64,HQ-sec-FMC,Network & Security Devices,HQ
65,HQ-sec-primary-bluecoat-proxy,Network & Security Devices,HQ
66,HQ-ESA,Network & Security Devices,HQ
67,Blade-SAN-SW-1-DR,SAN-Switches & Routers,DR
68,Blade-SAN-SW-2-DR,SAN-Switches & Routers,DR
69,G1-DR-SAN-Router,SAN-Switches & Routers,DR
70,G1-DR-SAN-Switch,SAN-Switches & Routers,DR
71,G2-DR-SAN-Router-1,SAN-Switches & Routers,DR
72,G2-DR-SAN-Router-2,SAN-Switches & Routers,DR
73,G2-DR-SAN-SW-1,SAN-Switches & Routers,DR
74,G2-DR-SAN-SW-2,SAN-Switches & Routers,DR
75,SAN-SW-G2-NEW-DR-1,SAN-Switches & Routers,DR
76,SAN-SW-G2-NEW-DR-2,SAN-Switches & Routers,DR
77,BLADE-SAN-SW-1,SAN-Switches & Routers,HQ
78,Blade-SAN-SW-2,SAN-Switches & Routers,HQ
79,HDB-Main-SAN-G1-RW,SAN-Switches & Routers,HQ
80,HDB-Main-SAN-G2-RW-1,SAN-Switches & Routers,HQ
81,HDB-Main-SAN-G2-SW-1-NEW,SAN-Switches & Routers,HQ
82,HDB-Main-SAN-G2-SW-2-NEW,SAN-Switches & Routers,HQ
83,HDB-Main-SAN-SW-G1-1,SAN-Switches & Routers,HQ
84,HDB-Main-SAN-SW-G1-2,SAN-Switches & Routers,HQ
85,HDB-Main-SAN-SW-G2-1,SAN-Switches & Routers,HQ
86,HDB-Main-SAN-SW-G2-2,SAN-Switches & Routers,HQ
87,PA-5220,Network & Security Devices,HQ
